[
  {
    "id": 0,
    "type": "아파트",
    "picture": "images/apartment.jpg",
    "area": "85A/59",
    "price": 1.23
  },
  {
    "id": 1,
    "type": "연립주택",
    "picture": "images/townhouse.jpg",
    "area": "115/76",
    "price": 1.56
  },
  {
    "id": 2,
    "type": "하우스",
    "picture": "images/house.jpg",
    "area": "204/72",
    "price": 2.74
  },
  {
    "id": 3,
    "type": "하우스",
    "picture": "images/house.jpg",
    "area": "693/82",
    "price": 1.87
  },
  {
    "id": 4,
    "type": "연립주택",
    "picture": "images/townhouse.jpg",
    "area": "46/45",
    "price": 1.97
  },
  {
    "id": 5,
    "type": "아파트",
    "picture": "images/apartment.jpg",
    "area": "113A/84",
    "price": 1.77
  },
  {
    "id": 6,
    "type": "아파트",
    "picture": "images/apartment.jpg",
    "area": "145/114",
    "price": 2.12
  },
  {
    "id": 7,
    "type": "하우스",
    "picture": "images/house.jpg",
    "area": "430/92",
    "price": 2.57
  },
  {
    "id": 8,
    "type": "아파트",
    "picture": "images/apartment.jpg",
    "area": "111B/84",
    "price": 1.32
  },
  {
    "id": 9,
    "type": "연립주택",
    "picture": "images/townhouse.jpg",
    "area": "75/61",
    "price": 1.11
  }
]
